l_english:
  #Africa
    #Central Africa
      #Kongo Region
 ngono_area: "Ngono"

    #East Africa
      #Great Lakes Region
 egaso_ngiro_area: "Ewaso Ng'iro"
 igombe_area: "Igombe"
 malawi_area: "Malawi Rift"
 rift_valley_area: "Rift Valley"
 victoria_area: "Lago Victoria"
      #Ethiopia Region
 central_ethiopia_area: "Etiopia Centrale"
 northern_ethiopia_area: "Etiopia Settentrionale"
 southern_ethiopia_area: "Etiopia Meridionale"
      #Nubia Region
 butana_area: "Butana"
 darfur_area: "Kordofan"
 equatoria_area: "Equatoria"
 nubia_proper_area: "Nubia"
      #Somalia Region
 inner_somalia_area: "Somalia Interna"
 northern_somalia_area: "Somalia Settentrionale"
 southern_somalia_area: "Somalia Meridionale"
      #Madagascar Region
 east_african_island_area: "Isole dell'Africa Orientale"
 east_madagascar_area: "Madagascar Orientale"
 malagasy_highlands_area: "Altopiani Malgasci"
 north_madagascar_area: "Madagascar Settentrionale"
 west_madagascar_area: "Madagascar Occidentale"
      #Swahili Coast Region 
 mozambique_area: "Mozambico"
 rufiji_area: "Rufiji"
 ruvuma_lurio_area: "Ruvuma-Lurio"
 tana_area: "Tana"
 wami_area: "Wami"
 

    #North Africa
      #Egypt Region
 lower_egypt_area: "Basso Egitto"
 upper_egypt_area: "Alto Egitto"
 sinai_area: "Sinai"
 cyrenaica_area: "Cirenaica"
      #Maghreb Region
 algiers_area: "Al-Maġrib al-Awsat"
 atlas_high_plateau: "Altopiano dell'Atlante"
 desert_area: "Oasi del Sahara"
 macaronesia_area: "Macaronesia"
 macaronesia_area_ADJ: "Macaronesiano"
 morocco_area: "Al-Maġrib al-Aqṣā"
 sus_area: "$sus_province$"
 tripolitania_area: "Tripoli"
 tunis_area: "Al-Maġrib al-Adna"

    #South Africa
      #South Africa Region
 southern_africa_islands_area: "Isole dell'Africa Meridionale"
 goringhaikona_area: "Goringhaikona"
 umgungundlovu_area: "Umgungundlovu"
 tzaneen_area: "Tzaneen"
 thaba_bosiu_area: "Thaba Bosiu"
 karoo_area: "Karoo"
 kalahari_area: "Kalahari"
 okavango_area: "Okavango"
 namib_area: "Namib"
 cape_area: "Cape"
      #Zimbabwe Region
 limpopo_area: "Limpopo"
 zambezi_area: "Zambezi"
 save_area: "Save"

    #West Africa
      #Sahel Region
 adamawa_area: "Adamawa"
 air_area: "Air"
 bornu_area: "Bornu"
 east_mossi_area: "Mossi Orientale"
 gao_area: "Gao"
 ghana_area: "Ghana"
 kanem_area: "Kanem"
 logone_area: "Logone"
 mali_area: "Mali"
 north_hausa_area: "Hausaland Settentrionale"
 south_hausa_area: "Hausaland Meridionale"
 timbuktu_area: "Timbuktu"
 wadai_area: "Wadai"
 west_mossi_area: "Mossi Occidentale"
 western_sahara_area: "Sahara Occidentale"
 zarma_area: "Zarma"
      #West Africa Region
 akan_area: "Akan"
 benin_area: "Benin"
 cameroon_highlands_area: "Altopiani del Camerun"
 cape_verde_area: "Capo Verde"
 futa_tooro_area: "Futa Tooro"
 gambia_area: "Gambia"
 gold_coast_area: "La Costa d'Oro"
 gulf_of_guinea_area: "Golfo di Guinea"
 gur_area: "Gur"
 jolof_area: "Jolof"
 kong_area: "Kong"
 kru_area: "Kru"
 lower_niger_area: "Basso Niger"
 south_manding_area: "Manding Meridionale"
 upper_guinea_area: "Alta Guinea"
 west_africa_coastline: "Costa Occidentale dell'Africa"
 yoruba_area: "Yoruba"
        #Central Africa Region
 north_gabun_area: "Gabon Settentrionale"
 south_gabun_area: "Gabon Meridionale"
 west_kongo_area: "Congo Occidentale"
 kongo_area: "Congo"
 south_kongo_area: "Congo Meridionale"
 west_lunda_area: "Lunda Occidentale"
 viye_area: "Viye"
 maligo_area: "Maligo"
 east_lunda_area: "Lunda Orientale"
 moshiko_area: "Moshiko"
 kasongo_area: "Kasongo"
 east_kongo_area: "Congo Orientale"
 central_africa_area: "Africa Centrale"

  #America
    #North America
      #Canada Region
 greenland_area: "Groenlandia"
 greenland_sea_area: "Mare della Groenlandia"
 icelandic_coast_area: "Costa Islandese"
 northern_isles_sea_area: "Mare delle Isole Settentrionali"
 quebec_area: "Québec"
 laurentian_area: "Monti Laurenziani"
 lower_canada_area: "Basso Canada"
 jamesie_area: "Baia di James Orientale"
 nunavik_area: "Nunavik"
 labrador_area: "Labrador"
 newfoundland_area: "Terranova"
 prince_edward_island_area: "Isola del Principe Edoardo"
 acadia_area: "Acadia"
 new_brunswick_area: "New Brunswick"
 eastern_ontario_area: "Ontario Orientale"
 western_ontario_area: "Ontario Occidentale"
 northern_ontario_area: "Ontario Settentrionale"
 northwestern_ontario_area: "Ontario Nord-occidentale"
 greenstone_belt_area: "Altopiani dell'Abitibi"
 keewatin_area: "Keewatin"
 james_bay_lowlands_area: "Baia di James Occidentale"
 gulf_of_saint_lawrence_area: "Golfo di San Lorenzo"
 canadian_atlantic_coast_area: "Costa Atlantica Canadese"
 labrador_sea_area: "Mare del Labrador"
 hudson_bay_coast_area: "Costa della Baia di Hudson"
 western_greenland_sea_zones_area: "Mare della Groenlandia Occidentale"
 eastern_greenland_sea_area: "Mare della Groenlandia Orientale"
 hudson_bay_sea_zones_area: "Baia di Hudson"
 lousiana_sea_zones_area: "Mare della Louisiana"
 great_lakes_sea_zones_area: "Grandi Laghi"

      #Caribbean Region
 cuba_area: "Cuba"
 hispaniola_area: "Hispaniola" #Quisqueya
 lesser_antilles_area: "Piccole Antille"
      #Central America Region
 panama_area: "Panama"
      #East Coast Region
 massachusetts_area: "Massachusetts"
 southern_new_england_area: "New England Meridionale"
 vermont_area: "Vermont"
 new_hampshire_area: "New Hampshire"
 maine_area: "Maine"
 hudson_area: "Hudson"
 haudenosaunee_area: "Haudenosaunee"
 new_jersey_area: "New Jersey"
 pennsylvania_area: "Pennsylvania"
 westsylvania_area: "Allegheny"
 maryland_area: "Maryland"
 virginia_area: "Virginia"
 west_virginia_area: "West Virginia"
 north_carolina_area: "North Carolina"
 south_carolina_area: "South Carolina"
 georgia_us_area: "Georgia"
 florida_area: "Florida"
 tennessee_area: "Tennessee"
 kentucky_area: "Kentucky"
 ohio_area: "Ohio"
 indiana_area: "Indiana"
 michigan_area: "Michigan"
 illinois_area: "Illinois"
 wisconsin_area: "Wisconsin"
 alabama_area: "Alabama"
 mississippi_area: "Mississippi"
  #Louisiana Region
 louisiana_area: "Louisiana"
 arkansas_area: "Arkansas"
 missouri_area: "Missouri"
 iowa_area: "Iowa"
 minnesota_area: "Minnesota"
 superior_area: "Lake Superior"
 north_dakota_area: "North Dakota"
 south_dakota_area: "South Dakota"
 central_plains_area: "Grandi Pianure Centrali"
 natahende_area: "Natahende"
 high_plains_area: "Altipiani"
 badlands_area: "Wyoming"
 upper_missouri_area: "Alto Missouri"
 athabasca_area: "Athabasca"
 saskatchewan_area: "Saskatchewan" 
 keewatin_n_area: "Keewatin Settentrionale"
 red_river_area: "Red River"
 mascarene_islands_area: "Isole Mascarene"
      #Mesoamerica
 mexihko_area: "Mexihko"
 tlaxcala_area: "Tlaxcala"
 puebla_area: "Puebla"
 guanajuato_area: "Guanajuato"
 oaxaca_area: "Oaxaca"
 veracruz_area: "Veracruz"
 huaxyacac_area: "Huāxyacac"
 tochtepec_area: "Tochtepec"
 michoacan_area: "Michoacan"
 xilotepec_area: "Xilotepec"
 xalisco_area: "Xalisco"
 aridoamerica_sea_zones_area: "Mar Aridoamericano"
 janeiro_area: "Janeiro"
 mayaab_area: "Ma'ya'ab"
 chilapan_area: "Chilapan"
 puuk_area: "Pu'uk"
 chactemal_area: "Cháak te' éemal"
 mesoamerica_sea_zones_area: "Mar Mesoamericano"
 central_america_sea_zones_area: "Mare dell'America Centrale"
 peten_area: "Peten"
 tezulutlan_area: "Tezulutlan"
 kuskatan_area: "Kuskatan"
 imabite_area: "Imabite"
 nekokiaw_area: "Nekokiaw"
       #Arido America
 zacatecas_area: "Tlacuitlapan"
 baja_area: "Bassa California"
 tahejoc_area: "Ge Kaachk Baasho"
 culiacan_area: "Culiacan"
 tamaulipeco_area: "Tamaulipeco"
 guachichil_area: "Guachichil"
 texas_area: "Texas"
 shiewhibak_area: "Ali Shon"
      #West Coast Region
 northwest_coast_area: "Costa Nord-occidentale"
 western_arctic_area: "Artico Occidentale"
 alaxsxaq_area: "Alaxsxaq"
 yukon_area: "Yukon"
 alaska_sea_zones_area: "Mare dell'Alaska"
 columbia_interior_area: "Columbia Interna"
 california_area: "Alta California"
 great_basin_area: "Grande Bacino"
 rockies_area: "Rockies"
 hawaii_area: "Hawaii"
 hawaii_sea_area: "Mare delle Hawaii"
 cascadia_area: "Cascadia"
 cascadia_sea_zones_area: "Costa Occidentale Americana"
    #South America
      #Brazil Region
 amazon_area: "Amazzonia"
 tocantins_area: "Tocantins"
 mearim_area: "Mearim"
 paranaiba_area: "Paranaiba"
 jaguaribe_area: "Jaguaribe"
 parapitinga_area: "Parapĩtinga"
 pindorama_area: "Pindorama"
 parana_area: "Parana"
 paraguay_area: "Paraguay"
 guapore_area: "Guapore"
 uruguay_area: "Uruguay"

      #Colombia Region
 bogota_area: "Bogota"
      #Andes Region
 andes_area: "Ande"
 quitu_area: "Quitu"
 chala_area: "Chala"
 atacama_area: "Atacama"
 cuyo_area: "Cuyo"
 yunga_area: "Yunga"
 puna_area: "Puna"
 qullaw_area: "Qullaw"
 acamama_area: "Acamama"
 suni_area: "Suni"
 rupa_rupa_area: "Rupa Rupa"
 galapagos_area: "Galapagos"
 andes_sea_zones_area: "Mar delle Ande"
      #Chaco Region
 chaco_area: "Chaco"
 la_plata_area: "La Plata"
 ngulumapu_area: "Ngulumapu"
 juan_fernandez_area: "Juan Fernandez"
 mamore_area: "Mamore"
 paranena_area: "Paranena"
 ayoreo_area: "Ayoreo"
 moqoit_area: "Moqoit"
 pampa_area: "Pampa"
 puelmapu_area: "Puelmapu"
 patagonia_area: "Patagonia"
 falklands_area: "Falklands"
 south_georgia_area: "Georgia del Sud"
 rapa_nui_area: "Rapa Nui"

  #Asia
    #Central Asia
      #Khorasan Region
 badakhshan_area: "Badakhšān"
 desht_kipchak_area: "Desht-i Kipchak"
 eastern_khorasan_area: "Ḫorāsān Orientale"
 khwarazm_area: "Khwarazm"
 transoxiana_area: "Transoxiana"
 western_khorasan_area: "Ḫorāsān Occidentale"
 zhetysu_area: "Zhetysu"
 caspian_sea_area: "Mar Caspio"
    #East Asia
      #East China Region
 fujian_area: "Fújiàn" #福建
 hunan_area: "Húnán" #湖南
 wuling_area: "Wǔlíng" #武陵
 hubei_area: "Húběi" #湖北
 jiangxi_area: "Jiāngxī" #江西
 jiangnan_area: "Jiāngnán" #江南
 huaidong_area: "Huáidōng" #淮东
 huaixi_area: "Huáixī" #淮西
 taiwan_area: "Táiwān" #台灣
 zhejiang_area: "Zhèjiāng" #浙江
 east_china_coastline: "Costa orientale della Cina"
      #Japan Region 
 ezo_area: "Ezo" #蝦夷
 hokurikudou_area: "Hokurikudō" #北陸道
 kinai_area: "Kinai" #畿内
 nankaidou_area: "Nankaidō" #南海道
 saikaidou_area: "Saikaidō" #西海道
 sanindou_area: "San'indō" #山陰道
 sanyoudou_area: "San'yōdō" #山陽道
 ou_area: "Ōu" #奥羽
 toukaidou_area: "Tōkaidō" #東海道
 tousandou_area: "Tōsandō" #東山道
 ryuukyuu_area: "Ryūkyū" #琉球
 japan_coastline: "Costa del Giappone"
 sea_of_japan_area: "Mar del Giappone"
 ryuukyuu_sea_area: "Mare di Ryūkyū"
 ezo_sea: "Mare di Ezo"
      #Korea Region
 gwanseo_area: "Gwanseo"
 gwandong_area: "Gwandong"
 yeongnam_area: "Yeongnam"
 gyeonggi_area: "Gyeonggi"
 honam_area: "Honam"
 haeseo_area: "Haeseo"
 hoseo_area: "Hoseo"
 gwanbuk_area: "Gwanbuk"
 korea_western_coastline: "Costa Occidentale della Corea"
 korea_eastern_coastline: "Costa Orientale della Corea"
      #Manchuria Region
 liaodong_area: "Liáodōng" #遼東
 lower_amur_area: "Basso Amur"
 middle_amur_area: "Amur Centrale"
 songhua_area: "Songhua"
 songnen_area: "Songnen"
 ussuri_area: "Ussuri"
 manchuria_coastline: "Costa della Manciuria"
      #Mongolia Region
 argun_area: "Argun"
 eastern_gobi_area: "Gobi Orientale"
 lower_selenga_area: "Bassa Selenga"
 mongolian_great_lakes_area: "Grandi Laghi della Mongolia"
 shilkari_area: "Shilkari"
 southern_gobi_area: "Gobi Meridionale"
 tuva_area: "Tuva"
 upper_selenga_area: "CAlto Selenga"
 western_gobi_area: "Gobi Occidentale"
      #North China Region
 beiping_area: "Běipíng" #北平
 yannan_area: "Yānnán" #燕南
 yanbei_area: "Yānběi" #燕北
 hebei_area: "Héběi" #河北
 henan_area: "Hénán" #河南
 haiyou_area: "Hǎiyòu" #海右
 shandong_area: "Shāndōng" #山東
 datong_area: "Dàtóng"
 shanxi_area: "Shānxī" #山西
 north_china_coastline: "Costa Settentrionale della Cina"
      #South China Region
 haibei_hainan_area: "Hǎiběi Hǎinán" #海北海南
 guangdong_area: "Guǎngdōng" #廣東
 liangjiang_area: "Liǎngjiāng" #两江
 guangxi_area: "Guǎngxī" #廣西
 guizhou_area: "Guìzhōu" #貴州
 dali_area: "Dàlǐ" #大理
 yunnan_area: "Yúnnán" #雲南
 south_china_coastline: "Costa Meridionale della Cina"
      #Tibet Region
 amdo_area: "Amdo"
 changtang_area: "Changtang"
 kham_area: "Kham"
 ngari_area: "Ngari"
 tsang_area: "Tsang"
 u_area: "Ü"
      #West China Region
 gansu_area: "Gānsù" #甘肃/甘肅
 hexi_area: "Héxī" #河西
 longyou_area: "Lǒngyòu" #陇右
 shaanxi_area: "Shǎnxī" #陕西/陝西
 chuandong_area: "Chuāndōng" #川东
 chuannan_area: "Chuānnán" #川南
 chuanxi_area: "Chuānxī" #川西
      #xinjiang Region
 dzungaria_area: "Dzungaria"
 tarim_area: "Tarim"
    #Middle East
      #Anatolia Region
 armenian_highlands_area: "Altopiani Armeni"
 cappadocia_area: "Cappadocia"
 central_anatolia_area: "Anatolia Centrale"
 cilicia_area: "Cilicia"
 marmara_area: "Area di Marmara"
 pontus_area: "Ponto"
 west_anatolia_area: "Anatolia Occidentale"
      #Arabia Region
 bahrein_area: "Bahrein"
 hedjaz_area: "Hejaz"
 najd_area: "Najd"
 oman_area: "Oman"
 hail_area: "Al-Ḥa'il"
 north_yemen_area: "Yemen Settentrionale"
 south_yemen_area: "Yemen Meridionale"
 arabian_area: "Mar Arabico"
 red_sea_area: "Mar Rosso"
      #Crescent Region
 iraq_arabi_area: "Irâk al-'Arabi"
 jazira_area: "Jazira"
 levant_area: "Levante"
      #Persia Region
 azerbaijan_area: "Āzarbāijān"
 baluchistan_area: "Baluchistan"
 fars_area: "Fârs"
 iraq_ajam_area: "Erāq-e Ajam"
 kerman_area: "Kermân "
 khuzestan_area: "Xūzestān e Luristān"
 kordestan_area: "Kordestān"
 mazandaran_area: "Mâzandarân"
 quhestan_area: "Kuhistān"
 sistan_area: "Sistān"
 oman_sea_zones_area: "Golfo di Oman"
 bengal_sea_zones_area: "Mare del Bengala"
 western_india_sea_zones_area: "Mare dell'India Occidentale"
 deccan_sea_zones_area: "Mare del Deccan"
    #North Asia
      #West Siberia Region
 chimgi_tura_area: "Chimgi Tura"
 qashliq_area: "Qashliq"
 irkutsk_area: "Irkutsk"
 surgut_area: "Surgut"
 mangazeya_area: "Mangazeya"
 tomsk_area: "Tomsk"
 omsk_area: "Omsk"
 kulykol_area: "Kulykol"
 bursol_area: "Bursol"
 suzun_area: "Suzun"
 kansk_area: "Kansk"
 bratsk_area: "Bratsk"
 angara_area: "Angara"
 vitim_area: "Vitim"
 anabyr_area: "Anabyr"
 yenisei_area: "Yenisei"
      #East Siberia Region
 chukchee_area: "Chukchee"
 anadyr_area: "Anadyr"
 kamchatka_area: "Kamchatka"
 chuvan_area: "Chuvan"
 kolyma_area: "Kolyma"
 yandin_area: "Yandin"
 indigirka_area: "Indigirka"
 okhotsk_coast_area: "Costa di Okhotsk"
 east_stanovoi_area: "Stanovoi Orientale"
 west_stanovoi_area: "Stanovoi Occidentale"
 amga_area: "Amga"
 yakutia_area: "Yakutia"
 lower_lena_area: "Lena Inferiore"
 middle_lena_area: "Lena Centrale"
 upper_lena_area: "Lena Superiore."
 onoid_area: "Onoid"
 laptev_coast_area: "Costa di Laptev"
 siberian_lakes_area: "Laghi Siberiani"
 yakutsk_sea_area: "Mare di Yakutsk"
 #West Siberia Region
    #South Asia
      #Bengal Region
 assam_area: "Assam"
 bengal_area: "Bengala"
 hill_area: "Colline Zo"
 jharkhand_area: "Jharkhand"
 mithila_area: "Mithila e Magadh"
 monyul_area: "Monyul"
 nepal_area: "Nepal"

 chota_nagpur_area: "Chota Nagpur"
 orissa_area: "Orissa"
      #Deccan Region
 andhra_area: "Andhra"
 awadh_area: "Awadh"
 bhojpur_area: "Bhojpur"
 gondwana_area: "Gondwana"
 karnakassala_area: "Karnakassala"
 konkan_area: "Konkan"
 sailan_area: "Sailan"
 maharashtra_area: "Maharashtra"
 malabar_area: "Malabar"
 rokhilkhand_area: "Rokhilkhand"
 tamil_land_area: "Tamil Nadu"
 telingana_area: "Telingana"
 vidarbha_area: "Vidarbha"
 maldives_area: "Maldive"
      #Western India Region
 gujarat_area: "Gujarat"
 malwa_area: "Malwa"
 rajputana_area: "Rajputana"
 saurashtra_area: "Saurashtra"
    #Hindustan Region
 upper_indus_area: "Alto Indo"
 sindh_area: "Sindh"
 doab_area: "Doab"
 punjab_area: "Punjab"
    #Southeast Asia
      #Indochina Region
 arakhan_area: "Arakhan"
 champa_area: "Champa" 
 chao_phraya_area: "Chao Phraya"
 irrawady_area: "Irrawady"
 irrawady_delta_area: "Delta dell'Irrawaddy"
 kachin_area: "Kachin"
 khorat_plateau_area: "Altopiano di Khorat"
 lower_mekong_area: "Basso Mekong"
 malay_peninsula_area: "Penisola Malese"
 northern_tai_highland_area: "Altopiano Settentrionale del Tai"
 red_river_delta_area: "Delta del Fiume Rosso"
 shan_highland_area: "Altopiano Shan"
 southeast_asian_coasts_area: "Coste del Sud-Est Asiatico"
      #Indonesia Region
 north_borneo_area: "Borneo Settentrionale"
 south_borneo_area: "Borneo Meridionale"
 celebes_area: "Celebes"
 java_area: "Java"
 lesser_sunda_area: "Piccole Isole della Sonda"
 moluccas_area: "Molucche"
 luzon_area: "Luzon"
 visayas_area: "Visayas"
 mindanao_area: "Mindanao"
 north_sumatra_area: "Sumatra Settentrionale"
 south_sumatra_area: "Sumatra Meridionale"
 indonesia_coasts_area: "Costa dell'Indonesia"

  #Europe
    #Eastern Europe
      #Balkan Region 
 aegean_archipelago_area: "Arcipelago dell'Egeo"
 bosnia_area: "Bosnia"
 bulgaria_area: "Bulgaria"
 croatia_area: "Croatia"
 macedonia_area: "Macedonia"
 morea_area: "Morea"
 northern_greece_area: "Grecia Settentrionale"
 serbia_area: "Serbia"
 silistria_area: "Silistria"
 slavonia_area: "Slavonia"
 slovenia_area: "Carniola"
 thrace_area: "Tracia"
      #Carpathia Region
 north_alfold_area: "Alföld Settentrionale"
 south_alfold_area: "Alföld Meridionale"
 transdanubia_area: "Transdanubia"
 moldavia_area: "Moldavia"
 slovakia_area: "Slovacchia"
 transylvania_area: "Transilvania"
 wallachia_area: "Wallachia"
      #Caucasus Region
 armenia_area: "Armenia"
 georgia_area: "Georgia"
 northern_caucasus_area: "Caucaso Settentrionale"
 shirvan_area: "Shirvan"
      #Poland Region
 central_poland_area: "Polonia Centrale"
 greater_poland_area: "Grande Polonia"
 lesser_poland_area: "Piccola Polonia"
 lithuania_area: "Lituania"
 mazovia_area: "Mazovia"
 prussia_area: "Prussia"
 samogitia_area: "Samogitia"
      #Russia Region
 moscow_area: "Mosca"
 smolensk_area: "Smolensk"
 oka_area: "Oka"
 sloboda_ukraine_area: "Sloboda"
 ryazan_area: "Ryazan"
 west_novgorod_area: "Novgorod Occidentale"
 east_novgorod_area: "Novgorod Orientale"
 tambov_area: "Tambov"
 samara_area: "Samara"
 nizhny_novgorod_area: "Nizhny Novgorod"
 suzdal_area: "Suzdal"
 vladimir_area: "Vladimir"
 tver_area: "Tver"
 yaroslavl_area: "Yaroslavl"
 beloozero_area: "Beloozero"
 totma_area: "Totma"
      #Ruthenia Region
 black_ruthenia_area: "Rutenia Nera"
 left_bank_ukraine_area: "Ucraina della Riva Sinistra"
 podolia_area: "Podolia"
 polesia_area: "Polesia"
 red_ruthenia_area: "Rutenia Rossa"
 right_bank_ukraine_area: "Ucraina della Riva Destra"
 severia_area: "Severia"
 volhynia_area: "Volhynia"
 white_ruthenia_area: "Rutenia Bianca"
      #Steppes Region
 crimea_area: "Crimea"
 matrega_area: "Matrega"
 yedisan_area: "Yedisan"
 zaporizhzhia_area: "Zaporizhzhia"
 pryazovia_area: "Pryazovia"
 azov_area: "Azov"
 lower_don_area: "Basso Don"
 astrakhan_area: "Astrakhan"
 majar_area: "Majar"
 lower_yik_area: "Basso Yik"
 samar_area: "Samar"
 kursk_area: "Kursk"
      #Ural Region
 kazan_area: "Kazan"
 vyatka_area: "Vyatka"
 bolghar_area: "Bolghar"
 bashkiria_area: "Bashkiria"
 karagay_area: "Karagay"
 perm_area: "Perm"
 ust_sysola_area: "Ust-Sysola"
 vorkuta_area: "Vorkuta"
 ural_area: "Urali"
      #White Sea Region
 pomorye_area: "Pomorye"
 arkhangelsk_area: "Arkhangelsk"
 karelia_area: "Karelia"
 kola_area: "Kola"
 russian_coastline: "Costa Russa"
    #Western Europe
      #France Region
 alsace_area: "Alsazia"
 alsace_area_ADJ: "Alsaziana"
 anjou_area: "Anjou"
 anjou_area_ADJ: "Angioina"
 auvergne_area: "Auvergne"
 brittany_area: "Bretagna"
 brittany_area_ADJ: "Bretone"
 burgundy_area: "Borgogna"
 burgundy_area_ADJ: "Burgunda"
 champagne_area: "Champagne"
 champagne_area_ADJ: "Champenois"
 franche_comte_area: "Franca Contea"
 franche_comte_area_ADJ: "Contea"
 gascony_area: "Guascogna"
 gascony_area_ADJ: "Guascogna"
 guyenne_area: "Guienna"
 guyenne_area_ADJ: "Guyenna"
 ile_de_france_area: "Île-de-France"
 ile_de_france_area_ADJ: "Franciana"
 lorraine_area: "Lorena"
 lorraine_area_ADJ: "Lorena"
 lyonnais_area: "Lyonnais"
 normandy_area: "Normandia"
 normandy_area_ADJ: "Normanna"
 orleanais_area: "Orleanais"
 orleanais_area_ADJ: "Orleana"
 picardy_area: "Piccardia"
 picardy_area_ADJ: "Picarda"
 poitou_area: "Poitou"
 poitou_area_ADJ: "Poitevina"
 provence_area: "Provenza"
 provence_area_ADJ: "Provenzale"
 savoy_area: "Savoia e Delfinato"
 savoy_area_ADJ: "Savoiarda"
 languedoc_area: "Linguadoca"
 languedoc_area_ADJ: "Languedociana"
      #Great Britain Region
 east_anglia_area: "East Anglia"
 home_counties_area: "Home Counties"
 midlands_area: "Mercia"
 northumbria_area: "Northumbria"
 scottish_highlands_area: "Highlands"
 hebrides_area: "Ebridi"
 hebrides_area_ADJ: "Ebridiana"
 scottish_lowlands_area: "Lowlands"
 wales_area: "Galles"
 northern_isles_area: "Isole del Nord"
 west_country_area: "West Country"
      #Iberia Region
 andalusia_area: "Andalusia"
 andalusia_area_ADJ: "Andalusa"
 aragon_area: "Aragon"
 aragon_area_ADJ: "Aragonese" 
 balearics_area: "Baleari"
 balearics_area_ADJ: "Balearica"
 castile_area: "Castiglia"
 castile_area_ADJ: "Castigliana"
 catalonia_area: "Catalogna"
 catalonia_area_ADJ: "Catalana"
 granada_area: "$granada$"
 granada_area_ADJ: "Granadine"
 extremadura_area: "Extremadura"
 extremadura_area_ADJ: "Extremadurana"
 galicia_area: "Galizia"
 galicia_area_ADJ: "Galiziana"
 leon_area: "$leon_province$"
 leon_area_ADJ: "Leonese"
 murcia_area: "Murcia"
 navarre_area: "Navarra"
 navarre_area_ADJ: "Navarrese"
 north_portugal_area: "Portogallo Settentrionale"
 north_portugal_area_ADJ: "Portoghese Settentrionale"
 south_portugal_area: "Portogallo Meridionale"
 south_portugal_area_ADJ: "Portoghese Meridionale"
 toledo_area: "$toledo_province$"
 toledo_area_ADJ: "ToledanA"
 valencia_area: "$valencia_province$"
 valencia_area_ADJ: "Valenciana"
      #Ireland Region
 connaught_area: "Connaught"
 leinster_area: "Leinster"
 munster_area: "Munster"
 ulster_area: "Ulster"
      #Italy Region
 abruzzo_area: "Abruzzi"
 apulia_area: "Apulia"
 basilicata_area: "Basilicata e Calabria"
 campania_area: "Campania e Principato"
 emilia_area: "Emilia e Romagna"
 lazio_area: "Lazio"
 liguria_area: "Liguria e Corsica"
 lombardy_area: "Lombardia"
 marche_area: "Marche e Umbria"
 piemonte_area: "Piemonte"
 sardinia_area: "Sardegna"
 sicily_area: "Sicilia"
 tuscany_area: "Toscana"
 veneto_area: "Veneto e Friuli"
      #Scandinavia Region
 denmark_area: "Danimarca"
 gotaland_area: "Götaland"
 iceland_area: "Islanda"
 nord_norge_area: "Nord-Norge"
 skaneland_area: "Skåneland"
 svealand_area: "Svealand"
 syd_norge_area: "Syd-Norge"
 scandinavian_sea_zones_area: "Costa Scandinava"
      #North Germany Region
 brabant_area: "Brabante"
 flanders_area: "Fiandre"
 friesland_area: "Frisia"
 holland_area: "Olanda"
 wallonia_area: "Vallonia"
 brandenburg_area: "Brandeburgo"
 mecklenburg_area: "Meclemburgo"
      #South Germany Region
 austria_area: "Bassa Austria"
 rhineland_area: "Renania"
 hesse_area: "Assia"
 westphalia_area: "Vestfalia"
 lower_saxony_area: "Bassa Sassonia"
 upper_saxony_area: "Alta Sassonia"
 pomerania_area: "Pomerania"
 holstein_area: "Holstein"
 upper_austria_area: "Alta Austria"
 salzburg_area: "Salisburgo"
 styria_area: "Stiria"
 carinthia_area: "Carinzia"
 central_switzerland_area: "Svizzera"
 eastern_switzerland_area: "Raetia"
 western_switzerland_area: "Romandia"
 bohemia_area: "Boemia"
 moravia_area: "Moravia"
 silesia_area: "Silesia"
 upper_rhine_area: "Alto Reno"
 swabia_area: "Svevia"
 bavaria_area: "Baviera"
 franconia_area: "Franconia"
 tirol_area: "Tirolo e Trentino"

   #Oceania
    #Australia
      #Australia Region
 eastern_australia_area: "Australia Orientale"
     #Papua
 eastern_australia_sea_zones_area: "Mare dell'Australia Orientale"
 micronesia_area: "Micronesia"
 melanesia_area: "Melanesia"
 solomon_islands_area: "Isole Salomone"
 solomon_islands_coastal_sea_zones_area: "Mare Costiero delle Isole Salomone"
 bismarck_area: "Bismarck"
 momase_area: "Momase"
 kerema_area: "Kerema"
 milne_area: "Milne"
 wanin_area: "Wanin"
 papua_area: "Papua"
 anim_ha_area: "Anim Ha"
 papua_sea_zones_area: "Mare di Papua"
 polynesia_area: "Polinesia"
    #Polynesia
      #New Zealand Region
 rekohu_area: "Rēkohu"
 lord_howe_area: "Lord Howe"
 norfolk_nz_area: "Norfolk"
 motu_maha_area: "Motu Maha"
 new_zealand_sea_zones_area: "Mare della Nuova Zelanda"
 rapa_nui_sea_zones_area: "Mare di Rapa Nui"
 papahanaumokuakea_area: "Papahanaumokuakea"
 hawaii_sea_zones_area: "Mare delle Hawaii"
 aono_raina_area: "Aono Raina"
 aono_raina_sea_zones_area: "Mare di Aono Raina"
 kuki_airani_area: "Kuki Airani"
 kuki_airani_sea_zones_area: "Mare di Kuki Airani"
 tuhaa_pae_area: "Tuhaa Pae"
 tuhaa_pae_sea_zones_area: "Mare di Tuhaa Pae"
 te_henua_enana_area: "Te Henua Enana"
 te_henua_enana_sea_zones_area: "Mare di Te Henua Enana"
 tuamotu_area: "Tuamotu"
 raeffsky_area: "Raeffsky"
 palliser_area: "Palliser"
 tuamotu_sea_zones_area: "Mare di Tuamotu"
 totaiete_ma_area: "Totaiete Ma"
 totaiete_ma_sea_zones_area: "Mare di Totaiete Ma"
 pitcairn_area: "Pitcairn"
 pitcairn_sea_zones_area: "Mare di Pitcairn"
 rawaki_area: "Rawaki"
 rawaki_sea_zones_area: "Mare di Rawaki"
 tokelau_area: "Tokelau"
 tokelau_sea_zones_area: "Mare di Tokelau"
 niue_area: "Niue"
 niue_sea_zones_area: "Mare di Niue"
 tuvalu_area: "Tuvalu"
 tuvalu_sea_zones_area: "Mare di Tuvalu"
 futuna_area: "Futuna"
 tonga_area: "Tonga"
 tonga_sea_zones_area: "Mare di Tonga"
 samoa_area: "Samoa"
 samoa_sea_zones_area: "Mare delle Samoa"
 nanpo_area: "Nanpō"
 nanpo_sea_zones_area: "Mare di Nanpō"
 marianas_area: "Marianne"
 marianas_sea_zones_area: "Mare delle Marianne"
 ratak_area: "Ratak"
 ralik_area: "Ralik"
 majel_sea_zones_area: "Mare di Majel"
 belau_area: "Belau"
 belau_sea_zones_area: "Mare di Belau"
 chuuk_area: "Chuuk"
 chuuk_sea_zones_area: "Mare di Chuuk"
 tungaru_area: "Tungaru"
 tungaru_sea_zones_area: "Mare di Tungaru"
 tinputz_area: "Tinputz"
 bougainville_area: "Bougainville"
 mu_ngava_area: "Mu Ngava"
 solomon_islands_sea_zones_area: "Mare delle Isole Salomone"
 temotu_area: "Temotu"
 temotu_sea_zones_area: "Mare di Temotu"
 vanuatu_area: "Vanuatu"
 vanuatu_sea_zones_area: "Mare di Vanuatu"
 fiji_area: "Fiji"
 fiji_sea_zones_area: "Mare delle Fiji"
 kanaky_area: "Kanaky"
 kanaky_sea_zones_area: "Mare di Kanaky"
 nauru_area: "Nauru"
 nauru_sea_zones_area: "Mare di Nauru"
   #Ocean Continent
    #Ocean Subcontinent
      #Ocean Region
 atlantic_canada_area: "Atlantico Canadese"
 black_sea_area: "Mar Nero"
 caribbean_sea_area: "Mar dei Caraibi"
 alboran_sea_area: "Mar di Alborán"
 tyrrhenian_sea: "Mar Tirreno"
 adriatic_sea_area: "Mar Adriatico"
 ionian_sea_area: "Mar Ionio"
 aegean_sea_area: "Mar Egeo"
 albania_area: "Albania"
 levantine_sea_area: "Mar Levantino"
 libyan_sea_area: "Mar Libico"
 central_mediterranean_sea_area: "Mediterraneo Centrale"
 iberian_west_coast_area: "Costa Occidentale Iberica"
 southeast_baltic_sea: "Mar Baltico Sud-orientale"
 western_mediterranean_sea_area: "Mediterraneo Occidentale"
 atlantic_west_spitzbergen_area: "Spitsbergen Occidentale Atlantico"
 atlantic_irminger_area: "Irminger Atlantico"
 atlantic_labrador_area: "Labrador Atlantico"
 atlantic_gulf_stream_area: "Corrente del Golfo Atlantico"
 atlantic_north_atlantic_current_area: "Corrente del Nord Atlantico"
 atlantic_azores_stream_area: "Corrente Atlantica delle Azzorre"
 azores_sea_area: "Mare delle Azzorre"
 bay_of_biscay_area: "Golfo di Biscaglia"
 atlantic_north_equatorial_area: "Atlantico Settentrionale Equatoriale"
 atlantic_equatorial_countercurrent_area: "Controcorrente Equatoriale Atlantica"
 atlantic_south_equatorial_area: "Atlantico Meridionale Equatoriale"
 atlantic_saint_helena_area: "Atlantico di Sant'Elena"
 atlantic_saint_helena_sea_area: "Atlantico di Sant'Elena"
 atlantic_south_area: "Sud Atlantico"
 indian_horn_area: "Corno Indiano"
 indian_andaman_area: "Andamane Indiane"
 indian_monsoon_area: "Monsone Indiano"
 indian_equatorial_countercurrent_area: "Controcorrente Equatoriale Indiana"
 indian_south_equatorial_area: "Indiano Meridionale Equatoriale"
 indian_south_area: "Indiano Meridionale"
 indian_austral_area: "India Australe"
 indian_north_agulhas_area: "Agulhas Settentrionale Indiano"
 pacific_north_area: "Pacifico Settentrionale"
 pacific_north_equatorial_area: "Pacifico Settentrionale Equatoriale"
 pacific_hawaii_area: "Pacifico delle Hawaii"
 pacific_kuro_area: "Pacifico di Kuro"
 pacific_south_equatorial_area: "Pacifico Meridionale Equatoriale"
 pacific_easter_equatorial_area: "Pacifico Orientale Equatoriale"
 pacific_equatorial_countercurrent_area: "Controcorrente Equatoriale del Pacifico"
 pacific_polynesia_area: "Pacifico della Polinesia"
 pacific_south_area: "Pacifico Meridionale"
 pacific_tasmania_area: "Pacifico della Tasmania"
 antarctic_ocean_area: "Oceano Antartico"
 mozambique_channel_area: "Canale del Mozambico"
 cape_sea_zones: "Mare del Capo"
 bengal_bay_area: "Baia del Bengala"
 timor_sea_area: "Mar di Timor"
 tristan_da_cunha_area: "Tristan da Cunha"
 tristan_da_cunha_sea_zones_area: "Mare di Tristan da Cunha"
 bouvet_area: "Bouvet"
 
 #Australians
 western_australia_high_sea_zones_area: "Mare dell'Australia Occidentale"
 northern_australia_high_sea_zones_area: "Mare dell'Australia Settentrionale"
 eastern_australia_high_sea_zones_area: "Mare dell'Australia Orientale"
 southern_australia_high_sea_zones_area: "Mare dell'Australia Meridionale"
 southwestern_australia_area: "Australia Sud-occidentale"
 northwestern_australia_area: "Australia Nord-occidentale"
 australian_northern_territory_area: "Territorio del Nord"
 australian_yalanji_area: "Yalanji"
 southeastern_australia_area: "Australia Sud-orientale"
 south_australia_area: "Australia Meridionale"
 
 
 
 
 # unsorted
 
 bermuda_province: "$bermuda$"
 bermuda_area: "$bermuda$"
 
 gulf_of_mexico_area: "Golfo del Messico"
 
 west_greenland_sea_area: "Costa della Groenlandia Occidentale"
 east_greenland_sea_area: "Costa della Groenlandia Orientale"
 
 coast_of_portugal_province: "Costa del Portogallo"
 azores_province: "Le Azzorre"
 madeira_province: "Madeira"
 canary_island_coast: "Costa delle Isole Canarie"
 coast_of_morocco: "Costa del Marocco"
 sahel_coast_province: "Costa del Sahel"
 bahamans_sea_zone: "Costa delle Lucayas"
 atlantic_sea_area: "Mar dei Sargassi"
 madeira_sea_area: "Mare di Madeira"
 azores_area: "Azzorre"
 canary_islands_area: "Isole Canarie"
 south_macaronesia_area: "Macaronesia Meridionale"
 # temporary ones
 nw_africa_coast_area: "Costa Nord-occidentale dell'Africa"
