l_english:
 #Continents
 africa: "Africa"
 america: "America"
 asia: "Asia"
 europe: "Europa"
 oceania: "Oceania"
 ocean_continent: "Oceani del Mondo"

 #Subcontinents
  #Africa
 central_africa: "Africa Centrale"
 east_africa: "Africa Orientale"
 north_africa: "Africa Settentrionale"
 southern_africa: "Africa Meridionale"
 west_africa: "Africa Occidentale"
 central_africa_region: "Africa Centrale"
  #America
 north_america: "Nord America"
 south_america: "Sud America"
  #Asia
 central_asia: "Asia Centrale"
 china: "Cina"
 east_asia: "Asia Orientale"
 middle_east: "Medio Oriente"
 north_asia: "Asia Settentrionale"
 india: "India"
 south_asia: "Asia Meridionale"
 hindustan_region: "Hindustan"
 south_east_asia: "Asia Sud-Orientale"
  #Europe
 eastern_europe: "Europa Orientale"
 western_europe: "Europa Occidentale"
  #Oceania
 pacific_islands: "Isole del Pacifico"
 australia: "Australia"
 polynesia_region: "Polinesia"
 australasia: "Australasia"
  #Ocean Continent
 ocean_sub_continent: "Oceano"
 north_atlantic_ocean_sub_continent: "Oceano Atlantico Settentrionale"
 south_atlantic_sub_continent: "Oceano Atlantico Meridionale"
 indian_ocean_sub_continent: "Oceano Indiano"
 north_pacific_ocean_sub_continent: "Oceano Pacifico Settentrionale"
 south_pacific_ocean_sub_continent: "Oceano Pacifico Meridionale"
 antarctic_ocean_sub_continent: "Oceano Antartico"
 atlantic_ocean_continent: "Oceano Atlantico"
 indian_ocean_continent: "Oceano Indiano"
 pacific_ocean_continent: "Oceano Pacifico"
 antarctic_ocean_continent: "Oceano Antartico"
 north_atlantic_islands_region: "Isole del Nord Atlantico"
 macaronesia_region: "Macaronesia"
 central_india_region: "India Centrale"

#Regions
  #Africa
    #Central Africa
 kongo_region: "Kongo"
    #East Africa
 great_lakes_region: "Grandi Laghi"
 ethiopia_region: "Etiopia"
 nubia_region: "Nubia"
 somalia_region: "Somalia"
 madagascar_region: "Madagascar"
 swahili_coast_region: "Costiera Swahili"
    #North Africa
 egypt_region: "Egitto"
 maghreb_region: "Magreb"
    #South Africa
 southern_africa_region: "Africa Meridionale"
 zimbabwe_region: "Zimbabwe"
 southern_africa_islands_region: "Isole Sud Africane"
    #West Africa
 sahel_region: "Sahel" 
 guinea_region: "Guinea"
  #America
    #North America
 canada_region: "Canada"
 east_coast_region: "Costa Est"
 great_plains_region: "Grandi Pianure"
 caribbean_region: "Caraibi"
 central_america_region: "America Centrale"
 mesoamerica_region: "Mesoamerica"
 aridoamerica_region: "Aridoamerica"
 west_coast_region: "Costa Ovest"
 alaska_region: "Alaska"
    #South America
 brazil_region: "Brasile"
 colombia_region: "Colombia"
 la_plata_region: "La Plata"
 andes_region: "Ande"
 chaco_region: "Chaco"
  #Asia
    #Central Asia
 khorasan_region: "Khorasan"
    #East Asia
 east_china_region: "Cina Orientale"
 japan_region: "Giappone"
 korea_region: "Corea"
 manchuria_region: "Manciuria"
 mongolia_region: "Mongolia"
 north_china_region: "Cina Settentrionale"
 south_china_region: "Cina Meridionale"
 tibet_region: "Tibet"
 west_china_region: "Cina Occidentale"
 xinjiang_region: "Xinjiang"
    #Middle East
 anatolia_region: "Anatolia"
 arabia_region: "Arabia"
 crescent_region: "Mezzaluna Fertile"
 persia_region: "Persia"
    #North Asia
 east_siberia_region: "Siberia Orientale"
 west_siberia_region: "Siberia Occidentale"
    #South Asia
 bengal_region: "Bengala"
 deccan_region: "Deccan"
 western_india_region: "India Occidentale"
    #Southeast Asia
 indochina_region: "Indocina"
 indonesia_region: "Indonesia"
  #Europe
    #Eastern Europe
 balkan_region: "Balcani"
 carpathia_region: "Carpazia"
 caucasus_region: "Caucaso"
 poland: "Polonia"
 baltic_region: "Baltico"
 ruthenia_region: "Rutenia"
 russian_region: "Russia"
 steppes_region: "Steppa Ponto-Caspica"
 ural_region: "Urali"
 
    #Western Europe
 france_region: "Francia"
 great_britain_region: "Gran Bretagna"
 iberia_region: "Iberia"
 iberia_region_ADJ: "Iberico"
 ireland_region: "Irlanda"
 italy_region: "Italia"
 north_german_region: "Germania Settentrionale"
 scandinavian_region: "Scandinavia"
 south_german_region: "Germania Meridionale"
  #Oceania
    #Australia
 australia_region: "Australia"
    #Polynesia
 new_zealand_region: "Nuova Zelanda"
 micronesia_region: "Micronesia"
 melanesia_region: "Melanesia"
  #Ocean Continent
    #Ocean Subcontinent
 ocean_region: "Oceano"
 north_atlantic_ocean_region: "Oceano Atlantico Settentrionale"
 south_atlantic_region: "Oceano Atlantico Meridionale"
 indian_ocean_region: "Oceano Indiano"
 north_pacific_ocean_region: "Oceano Pacifico Settentrionale"
 south_pacific_ocean_region: "Oceano Pacifico Meridionale"
 antarctic_ocean_region: "Oceano Antartico"